epoch,step,train_loss
0,47,0.0013675240334123373
1,95,0.0011910791508853436
2,143,0.0005729615222662687
3,191,0.0002045313740381971
4,239,0.0001868552790256217
5,287,0.00018187894602306187
